title,genre,release_year,budget_mln,revenue_mln,rating_imdb,runtime_min,vote_count
Movie_0000,Thriller,2021,53.72,92.83,6.6,93,1656
Movie_0001,Horror,2016,10.95,10.56,5.1,102,647
Movie_0002,Sci-Fi,2008,102.33,123.19,7.3,138,638
Movie_0003,Thriller,2000,,262.68,6.4,86,1702
Movie_0004,Drama,2020,23.3,8.93,5.5,137,7838
Movie_0005,Animation,2019,93.41,323.34,6.4,98,11996
Movie_0006,Sci-Fi,2012,33.69,,3.7,131,1415
Movie_0007,Sci-Fi,2015,181.67,88.0,4.9,76,528
Movie_0008,Thriller,2012,67.04,53.27,4.3,116,4454
Movie_0009,Comedy,2013,169.32,915.75,6.3,90,866
Movie_0010,Drama,2002,15.63,20.28,7.6,76,1370
Movie_0011,Thriller,2005,47.67,151.33,8.4,109,21761
Movie_0012,Drama,2017,24.42,22.11,,125,10307
Movie_0013,Drama,2018,70.65,245.13,6.4,88,3778
Movie_0014,Animation,2004,83.39,155.96,3.7,75,442
Movie_0015,Sci-Fi,2014,125.01,969.96,5.3,103,4093
Movie_0016,Horror,2001,24.39,26.63,4.7,103,14676
Movie_0017,Animation,2009,104.49,271.12,5.2,115,1696
Movie_0018,Animation,2023,62.97,104.9,5.6,123,22621
Movie_0019,Drama,2017,23.36,103.58,5.0,103,20725
Movie_0020,Romance,2012,59.01,28.54,3.4,142,36156
Movie_0021,Sci-Fi,2004,43.99,155.36,6.6,109,4711
Movie_0022,Comedy,2022,33.37,33.44,4.3,98,7194
Movie_0023,Animation,2023,51.4,79.9,6.0,72,24866
Movie_0024,Horror,2000,39.02,94.85,8.1,99,5831
Movie_0025,Romance,2021,7.39,11.28,4.4,98,1405
Movie_0026,Romance,2000,15.99,10.0,2.5,124,1521
Movie_0027,Comedy,2017,40.57,71.93,5.3,114,4263
Movie_0028,Animation,2014,314.89,2000.0,8.1,81,430
Movie_0029,Horror,2016,14.23,75.06,7.9,108,2404
Movie_0030,Sci-Fi,2010,64.14,164.96,4.3,118,15441
Movie_0031,Action,2020,360.31,495.25,7.5,135,111
Movie_0032,Horror,2021,4.71,,5.0,122,29783
Movie_0033,Comedy,2016,5.17,18.09,5.4,120,16051
Movie_0034,Romance,2012,35.55,189.44,8.8,106,1495
Movie_0035,Sci-Fi,2000,66.92,274.36,4.0,112,6735
Movie_0036,Horror,2001,6.63,6.17,5.8,129,2995
Movie_0037,Action,2008,140.99,208.77,6.6,78,18863
Movie_0038,Action,2002,,43.94,7.2,98,13017
Movie_0039,Drama,2000,12.74,13.94,5.7,89,364
Movie_0040,Drama,2020,7.18,28.54,5.9,112,7193
Movie_0041,Thriller,2015,80.39,77.68,5.4,129,2189
Movie_0042,Comedy,2022,50.47,148.7,6.0,93,3375
Movie_0043,Animation,2005,83.14,104.32,5.4,70,999
Movie_0044,Horror,2016,65.72,157.34,6.5,96,41036
Movie_0045,Horror,2004,6.37,3.17,5.1,123,14187
Movie_0046,Animation,2004,26.56,47.74,6.1,115,982
Movie_0047,Thriller,2005,23.0,2.38,5.6,113,402
Movie_0048,Romance,2002,24.1,38.89,6.9,99,1671
Movie_0049,Romance,2020,30.37,10.7,5.6,79,5720
Movie_0050,Thriller,2022,32.98,94.02,3.5,115,4274
Movie_0051,Romance,2004,33.13,,7.1,88,19529
Movie_0052,Drama,2020,7.35,13.65,4.4,148,9748
Movie_0053,Horror,2004,47.61,252.31,4.9,116,12763
Movie_0054,Thriller,2009,37.46,21.62,4.9,93,4867
Movie_0055,Horror,2009,36.67,354.28,7.3,92,370
Movie_0056,Animation,2018,118.39,256.76,3.4,103,2222
Movie_0057,Action,2016,115.29,,9.7,100,14619
Movie_0058,Drama,2020,31.55,166.07,6.9,127,2759
Movie_0059,Sci-Fi,2013,143.07,92.09,6.3,108,6340
Movie_0060,Drama,2008,33.45,24.36,5.6,90,1848
Movie_0061,Thriller,2013,115.84,116.07,6.3,142,636
Movie_0062,Sci-Fi,2000,117.02,131.71,6.6,105,2477
Movie_0063,Action,2018,141.07,102.43,6.8,120,4738
Movie_0064,Thriller,2012,37.23,194.25,6.3,92,1114
Movie_0065,Comedy,2012,94.94,123.74,6.0,112,2093
Movie_0066,Horror,2003,8.73,17.46,5.3,111,728
Movie_0067,Action,2000,337.91,370.68,6.7,70,15976
Movie_0068,Horror,2016,14.53,4.13,5.3,145,1916
Movie_0069,Romance,2007,7.96,19.22,6.9,130,26347
Movie_0070,Comedy,2001,33.24,10.37,6.3,97,29528
Movie_0071,Comedy,2007,,9.17,2.0,82,2639
Movie_0072,Action,2006,156.73,86.91,6.9,111,656
Movie_0073,Comedy,2001,17.8,169.79,5.8,106,130
Movie_0074,Sci-Fi,2021,69.98,251.44,5.8,112,327
Movie_0075,Comedy,2021,6.62,10.12,5.1,108,379
Movie_0076,Horror,2002,10.45,61.68,6.9,115,23569
Movie_0077,Horror,2017,2.16,1.84,6.6,133,3546
Movie_0078,Thriller,2011,11.27,23.31,4.6,116,5347
Movie_0079,Horror,2000,27.56,55.29,6.1,84,106
Movie_0080,Thriller,2021,75.0,121.12,4.6,132,494
Movie_0081,Horror,2011,21.08,71.53,3.9,137,11278
Movie_0082,Sci-Fi,2004,46.14,,4.9,168,4583
Movie_0083,Animation,2016,86.63,212.42,6.9,82,2390
Movie_0084,Thriller,2015,39.88,16.81,6.8,109,6955
Movie_0085,Drama,2014,7.92,5.64,6.1,70,34672
Movie_0086,Romance,2022,83.23,137.27,6.7,116,2139
Movie_0087,Action,2014,161.4,326.35,6.8,94,3307
Movie_0088,Horror,2004,12.57,5.97,4.8,143,3979
Movie_0089,Comedy,2020,30.65,453.24,6.1,89,107814
Movie_0090,Animation,2013,106.33,787.59,6.9,71,127
Movie_0091,Horror,2001,2.93,8.88,6.4,95,8306
Movie_0092,Comedy,2010,24.62,50.71,7.0,70,2509
Movie_0093,Romance,2018,14.49,21.07,6.4,120,6975
Movie_0094,Romance,2006,11.22,7.81,6.0,70,1112
Movie_0095,Romance,2005,,40.38,6.9,105,2769
Movie_0096,Comedy,2001,126.39,261.63,6.0,70,8665
Movie_0097,Horror,2005,25.05,10.22,4.5,98,317859
Movie_0098,Romance,2017,15.83,31.54,5.4,137,10017
Movie_0099,Sci-Fi,2001,158.1,197.9,5.2,112,835
Movie_0100,Thriller,2017,,31.32,5.2,87,1578
Movie_0101,Comedy,2014,62.86,,5.6,104,1510
Movie_0102,Comedy,2018,31.47,27.86,4.7,105,201
Movie_0103,Horror,2001,8.94,69.39,5.2,114,1816
Movie_0104,Comedy,2019,52.45,81.75,3.4,77,8948
Movie_0105,Comedy,2005,41.1,,5.9,116,440
Movie_0106,Romance,2000,51.16,124.24,5.7,70,14367
Movie_0107,Horror,2023,24.93,7.86,4.6,92,6196
Movie_0108,Romance,2014,,274.91,6.5,95,990
Movie_0109,Thriller,2022,26.07,31.54,6.7,117,2410
Movie_0110,Animation,2009,258.2,300.23,4.6,105,32777
Movie_0111,Thriller,2018,46.85,202.6,4.8,76,8958
Movie_0112,Animation,2016,473.44,264.31,6.5,85,3020
Movie_0113,Romance,2004,14.4,4.99,4.4,108,2086
Movie_0114,Thriller,2003,160.4,186.04,7.1,103,3343
Movie_0115,Horror,2009,17.57,65.62,5.3,93,1383
Movie_0116,Action,2023,47.51,17.87,5.4,95,126
Movie_0117,Romance,2016,16.98,,3.2,118,63784
Movie_0118,Animation,2009,69.65,83.42,6.5,94,3763
Movie_0119,Sci-Fi,2016,140.4,289.98,4.6,103,5416
Movie_0120,Animation,2019,136.74,677.18,6.1,148,2732
Movie_0121,Sci-Fi,2023,63.19,69.65,6.1,76,989
Movie_0122,Comedy,2004,29.42,40.48,7.3,70,2255
Movie_0123,Thriller,2001,,830.22,4.8,120,270
Movie_0124,Sci-Fi,2005,398.3,70.58,3.5,91,90728
Movie_0125,Animation,2020,127.6,154.0,6.2,98,467
Movie_0126,Comedy,2001,30.93,78.52,,89,634
Movie_0127,Action,2012,88.06,266.08,7.3,99,1540
Movie_0128,Horror,2010,24.5,24.89,5.8,136,20580
Movie_0129,Horror,2010,6.62,9.26,4.9,121,3046
Movie_0130,Horror,2015,12.21,2.33,6.5,122,466
Movie_0131,Sci-Fi,2010,26.32,17.74,4.4,76,19565
Movie_0132,Action,2018,110.1,296.32,6.5,81,8924
Movie_0133,Sci-Fi,2014,167.83,129.12,6.8,70,6685
Movie_0134,Thriller,2022,27.18,54.19,6.9,88,8721
Movie_0135,Sci-Fi,2022,352.26,1447.18,10.0,124,108179
Movie_0136,Action,2015,30.01,36.9,6.1,115,79034
Movie_0137,Action,2010,24.79,39.62,5.0,100,1064
Movie_0138,Thriller,2021,47.87,31.31,5.7,104,34058
Movie_0139,Action,2015,184.88,173.65,4.1,91,5296
Movie_0140,Animation,2007,346.18,996.87,6.1,109,6302
Movie_0141,Action,2003,55.42,91.74,5.2,120,235
Movie_0142,Horror,2007,35.55,28.89,5.0,72,2308
Movie_0143,Animation,2003,87.27,176.99,6.0,110,880
Movie_0144,Animation,2023,78.39,,4.8,123,10322
Movie_0145,Thriller,2002,81.11,25.25,7.2,96,14862
Movie_0146,Drama,2002,33.7,148.12,5.6,119,132
Movie_0147,Drama,2017,5.67,6.34,5.5,161,2884
Movie_0148,Action,2018,260.67,645.98,6.1,102,16039
Movie_0149,Animation,2018,271.48,1483.95,6.8,112,2252
Movie_0150,Drama,2020,12.13,,6.5,90,8898
Movie_0151,Drama,2004,27.45,18.2,4.6,108,5048
Movie_0152,Action,2017,118.78,130.53,5.2,114,4976
Movie_0153,Drama,2009,24.64,17.5,5.2,108,1984
Movie_0154,Sci-Fi,2021,64.39,349.29,4.1,84,480
Movie_0155,Comedy,2020,17.53,10.22,4.6,109,554
Movie_0156,Thriller,2005,39.19,33.22,5.1,134,8638
Movie_0157,Comedy,2000,76.66,173.59,6.9,113,3069
Movie_0158,Action,2004,123.58,,6.3,124,2421
Movie_0159,Horror,2008,11.15,12.4,5.8,100,1578
Movie_0160,Thriller,2011,74.16,184.88,6.8,119,1886
Movie_0161,Action,2013,,8.96,5.4,110,14333
Movie_0162,Animation,2001,225.61,391.63,6.9,85,1802
Movie_0163,Horror,2016,3.73,3.43,,111,398
Movie_0164,Comedy,2013,22.45,9.33,5.9,85,9094
Movie_0165,Action,2012,,59.12,,92,2192
Movie_0166,Animation,2008,31.95,115.06,2.7,108,3124
Movie_0167,Thriller,2014,101.24,162.47,5.7,110,33235
Movie_0168,Thriller,2021,27.51,67.76,7.3,81,2890
Movie_0169,Romance,2014,32.99,114.02,6.7,126,4599
Movie_0170,Animation,2023,86.68,53.24,7.0,116,508
Movie_0171,Sci-Fi,2010,146.47,1410.07,7.6,90,2144
Movie_0172,Drama,2015,21.27,39.9,5.7,74,7437
Movie_0173,Horror,2016,5.37,36.94,5.8,102,289
Movie_0174,Animation,2003,199.7,157.67,5.6,96,4028
Movie_0175,Romance,2000,16.84,123.31,5.2,107,3467
Movie_0176,Drama,2007,5.76,19.9,6.3,97,3171
Movie_0177,Drama,2016,14.2,44.94,7.0,70,14125
Movie_0178,Action,2002,265.77,576.59,6.4,97,4922
Movie_0179,Drama,2019,39.48,44.4,5.1,98,27367
Movie_0180,Sci-Fi,2014,75.66,355.45,5.8,117,671
Movie_0181,Thriller,2014,30.25,59.82,6.3,91,3655
Movie_0182,Romance,2023,19.33,3.48,3.8,138,3383
Movie_0183,Drama,2021,105.33,33.53,3.2,70,599
Movie_0184,Action,2013,108.59,133.13,5.3,131,12511
Movie_0185,Sci-Fi,2022,141.06,235.65,4.6,100,97441
Movie_0186,Comedy,2013,,92.24,5.2,122,2905
Movie_0187,Thriller,2023,48.42,219.85,5.5,106,6358
Movie_0188,Thriller,2001,32.51,,5.1,127,3383
Movie_0189,Romance,2012,21.37,48.96,7.3,97,1022
Movie_0190,Thriller,2013,37.77,12.21,6.0,83,194
Movie_0191,Drama,2023,19.41,62.76,5.9,133,1034
Movie_0192,Action,2018,143.18,246.44,6.8,102,369
Movie_0193,Thriller,2006,41.7,71.88,4.3,109,38413
Movie_0194,Thriller,2002,71.88,63.85,7.0,129,2508
Movie_0195,Comedy,2014,28.12,134.97,5.5,84,1774
Movie_0196,Comedy,2022,31.95,144.21,6.4,116,11313
Movie_0197,Horror,2013,3.03,5.95,4.2,93,554
Movie_0198,Sci-Fi,2010,208.14,227.43,4.5,102,943
Movie_0199,Drama,2014,26.39,80.49,6.6,106,3301
Movie_0200,Thriller,2012,88.88,,6.3,74,13948
Movie_0201,Animation,2017,8.87,23.44,4.5,89,6326
Movie_0202,Thriller,2005,212.64,1368.36,5.3,132,4326
Movie_0203,Action,2002,71.55,367.75,7.1,122,3351
Movie_0204,Horror,2018,36.4,21.88,4.2,103,5433
Movie_0205,Sci-Fi,2014,43.52,126.58,7.6,109,4033
Movie_0206,Animation,2022,146.94,,5.0,99,635
Movie_0207,Horror,2004,6.46,18.69,,132,3194
Movie_0208,Romance,2009,15.18,32.32,5.2,100,595
Movie_0209,Sci-Fi,2006,462.38,190.64,8.1,109,3366
Movie_0210,Thriller,2016,34.34,16.53,5.0,127,1449
Movie_0211,Thriller,2006,47.6,55.71,5.5,89,134466
Movie_0212,Sci-Fi,2021,200.58,267.03,6.4,136,2807
Movie_0213,Thriller,2011,59.47,24.95,4.5,74,362
Movie_0214,Drama,2016,22.56,57.0,6.5,137,2437
Movie_0215,Sci-Fi,2012,133.91,250.07,5.4,97,6496
Movie_0216,Horror,2019,102.59,133.4,5.6,100,36682
Movie_0217,Sci-Fi,2003,95.5,62.32,4.7,70,1231
Movie_0218,Animation,2009,105.71,212.6,2.8,95,277
Movie_0219,Thriller,2002,92.7,,5.6,84,10150
Movie_0220,Drama,2008,48.43,73.97,8.6,92,375
Movie_0221,Drama,2012,51.69,54.44,6.6,102,1549
Movie_0222,Romance,2017,41.67,100.56,5.6,124,2025
Movie_0223,Horror,2014,6.01,6.23,5.2,109,2685
Movie_0224,Comedy,2003,110.82,160.38,6.0,111,8381
Movie_0225,Comedy,2014,11.99,39.78,6.2,83,1069
Movie_0226,Sci-Fi,2021,127.39,28.83,4.6,87,1977
Movie_0227,Romance,2001,13.67,84.82,6.9,140,2917
Movie_0228,Action,2014,76.0,148.54,6.7,90,3730
Movie_0229,Sci-Fi,2007,130.08,169.87,6.9,138,3452
Movie_0230,Romance,2007,,50.46,6.2,100,5733
Movie_0231,Horror,2016,,31.32,5.6,105,10569
Movie_0232,Horror,2011,54.54,20.59,,126,5371
Movie_0233,Horror,2018,21.56,143.24,6.3,130,5886
Movie_0234,Horror,2009,12.34,,5.1,102,277
Movie_0235,Horror,2008,32.44,65.62,4.9,97,3214
Movie_0236,Romance,2004,,246.37,5.9,103,6119
Movie_0237,Romance,2005,9.36,7.59,7.4,111,8896
Movie_0238,Drama,2019,32.25,56.22,4.1,122,1055
Movie_0239,Animation,2001,157.71,148.83,4.4,105,1109
Movie_0240,Comedy,2023,23.64,80.64,5.8,117,1259
Movie_0241,Thriller,2012,120.23,29.43,6.0,137,6664
Movie_0242,Horror,2005,13.3,19.26,5.8,112,14056
Movie_0243,Action,2004,88.45,86.84,6.1,111,1617
Movie_0244,Thriller,2000,34.83,75.85,5.4,74,11636
Movie_0245,Romance,2020,25.31,78.46,7.4,70,3587
Movie_0246,Action,2021,33.28,17.96,3.7,112,2473
Movie_0247,Action,2020,25.28,16.86,4.6,103,2170
Movie_0248,Action,2005,,464.73,6.5,94,9135
Movie_0249,Drama,2005,10.16,4.44,3.6,109,4857
Movie_0250,Romance,2022,11.31,35.37,5.3,103,90557
Movie_0251,Action,2015,14.29,21.26,7.6,127,830
Movie_0252,Horror,2003,9.0,1.0,5.6,106,6484
Movie_0253,Sci-Fi,2010,34.7,40.25,5.9,90,1347
Movie_0254,Action,2023,297.57,166.27,5.2,124,809
Movie_0255,Drama,2022,44.86,14.03,4.9,100,2932
Movie_0256,Thriller,2008,23.07,10.7,5.1,115,3662
Movie_0257,Romance,2022,151.54,263.05,5.7,95,237342
Movie_0258,Animation,2002,,1403.73,7.8,92,2261
Movie_0259,Drama,2018,15.42,35.01,6.2,106,547
Movie_0260,Action,2007,10.83,7.26,4.2,105,4489
Movie_0261,Romance,2004,156.28,415.61,6.4,114,132
Movie_0262,Sci-Fi,2003,32.9,37.26,6.2,99,2596
Movie_0263,Action,2023,21.45,21.94,,70,3053
Movie_0264,Drama,2005,45.32,33.39,7.6,96,9817
Movie_0265,Comedy,2001,211.24,61.5,5.1,120,12841
Movie_0266,Horror,2019,45.4,41.35,,99,1400
Movie_0267,Animation,2010,141.31,203.96,4.6,100,2378
Movie_0268,Thriller,2003,64.37,88.81,5.5,124,944
Movie_0269,Drama,2014,39.59,,6.2,90,548
Movie_0270,Romance,2005,45.88,36.97,6.9,74,4744
Movie_0271,Animation,2021,112.7,313.73,5.9,101,441
Movie_0272,Animation,2016,97.82,45.25,5.5,95,1600
Movie_0273,Animation,2023,85.6,284.93,6.0,85,669
Movie_0274,Action,2005,43.77,22.8,4.7,101,6798
Movie_0275,Horror,2018,11.98,13.48,8.1,114,44451
Movie_0276,Action,2001,20.65,5.54,3.7,104,423
Movie_0277,Romance,2014,23.11,23.51,5.8,111,185
Movie_0278,Action,2010,36.28,193.59,8.1,141,2471
Movie_0279,Comedy,2007,12.41,30.14,5.6,98,3051
Movie_0280,Horror,2018,17.32,61.33,5.3,110,4138
Movie_0281,Horror,2012,45.68,105.51,5.3,94,1526
Movie_0282,Romance,2011,52.12,29.13,5.5,88,2206
Movie_0283,Thriller,2004,11.39,16.71,7.2,93,5173
Movie_0284,Comedy,2005,13.59,5.37,2.9,95,14195
Movie_0285,Drama,2021,42.45,290.13,7.5,112,158
Movie_0286,Action,2003,36.45,,3.9,151,1714
Movie_0287,Sci-Fi,2018,83.55,282.98,5.5,90,4108
Movie_0288,Action,2019,124.22,417.97,5.5,96,752
Movie_0289,Animation,2000,41.48,376.9,6.4,103,40004
Movie_0290,Action,2019,87.04,65.01,3.9,112,1149
Movie_0291,Drama,2016,6.88,21.83,6.1,110,2801
Movie_0292,Action,2011,49.45,860.79,8.1,130,6863
Movie_0293,Comedy,2014,38.75,24.54,4.0,70,1227
Movie_0294,Comedy,2000,8.39,3.34,5.8,70,186
Movie_0295,Horror,2013,21.34,5.17,4.8,95,1567
Movie_0296,Romance,2005,24.61,78.47,6.1,126,13962
Movie_0297,Thriller,2004,62.23,18.12,5.8,73,1798
Movie_0298,Sci-Fi,2010,119.62,122.46,5.2,70,837
Movie_0299,Animation,2003,268.04,781.42,7.2,116,11950
Movie_0300,Action,2012,88.43,230.19,8.0,109,1814
Movie_0301,Action,2010,,125.71,5.5,83,1386
Movie_0302,Drama,2002,22.06,47.76,6.5,85,3730
Movie_0303,Romance,2000,38.61,137.6,4.1,85,9472
Movie_0304,Comedy,2005,31.2,16.29,4.5,107,106145
Movie_0305,Sci-Fi,2017,103.3,100.02,6.5,92,10309
Movie_0306,Horror,2023,8.55,8.58,7.3,114,16979
Movie_0307,Comedy,2009,,61.41,6.0,70,1395
Movie_0308,Animation,2004,29.3,94.91,5.2,87,639
Movie_0309,Romance,2022,,246.81,5.9,82,3273
Movie_0310,Animation,2009,33.27,109.62,4.1,99,3500
Movie_0311,Thriller,2011,22.98,13.82,6.3,94,591
Movie_0312,Horror,2001,8.44,68.58,6.6,120,2291
Movie_0313,Thriller,2012,81.84,468.17,5.3,70,5426
Movie_0314,Drama,2007,,42.07,5.0,105,5118
Movie_0315,Animation,2001,244.2,2000.0,,116,6351
Movie_0316,Drama,2019,11.67,3.63,5.0,142,4612
Movie_0317,Action,2000,100.01,,5.8,95,1393
Movie_0318,Thriller,2004,20.5,23.55,,111,1379
Movie_0319,Romance,2008,139.07,421.36,5.8,70,493
Movie_0320,Animation,2016,34.8,19.36,5.2,70,43354
Movie_0321,Sci-Fi,2008,,364.48,5.2,121,3041
Movie_0322,Horror,2010,24.91,152.55,6.5,104,2127
Movie_0323,Comedy,2014,41.77,116.95,5.4,128,740
Movie_0324,Romance,2023,21.56,36.76,4.8,77,243649
Movie_0325,Romance,2005,22.53,18.26,7.2,115,595
Movie_0326,Drama,2022,,19.35,7.3,142,1566
Movie_0327,Thriller,2002,35.56,148.09,4.9,113,5562
Movie_0328,Animation,2016,194.59,435.48,4.0,110,7334
Movie_0329,Animation,2004,527.54,1234.33,8.8,105,12542
Movie_0330,Action,2011,51.22,47.18,4.9,73,44864
Movie_0331,Action,2017,26.74,7.78,6.6,132,6369
Movie_0332,Horror,2013,13.98,4.68,3.2,92,611
Movie_0333,Drama,2020,157.51,1741.08,7.2,115,2027
Movie_0334,Romance,2023,13.14,,4.1,73,4730
Movie_0335,Animation,2010,,839.47,7.7,81,66326
Movie_0336,Sci-Fi,2008,382.73,1835.41,7.0,133,366
Movie_0337,Drama,2001,12.84,5.03,4.4,98,18103
Movie_0338,Horror,2011,23.65,39.18,5.1,134,3904
Movie_0339,Horror,2002,55.19,230.84,6.5,103,10474
Movie_0340,Drama,2002,14.77,23.33,5.7,70,2558
Movie_0341,Horror,2000,12.75,289.44,6.3,122,842
Movie_0342,Drama,2007,12.56,6.09,7.9,93,9194
Movie_0343,Comedy,2021,13.32,34.9,3.7,118,7955
Movie_0344,Drama,2007,11.9,20.95,7.5,105,12811
Movie_0345,Thriller,2010,15.03,47.02,5.7,74,2922
Movie_0346,Drama,2008,20.55,37.84,4.5,108,1212
Movie_0347,Horror,2004,8.1,4.53,3.9,148,287
Movie_0348,Animation,2013,108.51,209.12,5.7,114,10188
Movie_0349,Thriller,2002,11.52,3.96,6.7,103,5629
Movie_0350,Horror,2020,19.55,50.15,5.4,126,700
Movie_0351,Action,2004,155.84,444.49,7.9,109,1328
Movie_0352,Action,2004,16.23,30.3,3.8,109,1480
Movie_0353,Animation,2018,121.4,516.22,6.0,83,322
Movie_0354,Animation,2013,240.31,455.83,5.0,109,874
Movie_0355,Thriller,2003,15.2,28.62,6.0,125,544
Movie_0356,Comedy,2012,114.35,99.84,7.0,88,1605
Movie_0357,Animation,2009,125.84,100.16,5.5,133,984
Movie_0358,Action,2017,45.51,93.05,2.6,103,259
Movie_0359,Drama,2007,19.13,111.33,5.8,87,61937
Movie_0360,Horror,2007,23.45,31.81,6.1,124,19512
Movie_0361,Action,2006,85.02,,,99,926
Movie_0362,Action,2007,123.1,112.03,7.5,120,4485
Movie_0363,Comedy,2013,14.36,48.45,4.3,99,5575
Movie_0364,Thriller,2018,45.8,148.89,6.5,103,17794
Movie_0365,Thriller,2005,12.91,,7.0,114,873
Movie_0366,Romance,2000,22.87,9.86,3.5,110,15339
Movie_0367,Comedy,2022,14.56,16.91,5.9,70,1310
Movie_0368,Drama,2014,11.1,18.56,4.9,82,401
Movie_0369,Thriller,2000,107.53,308.35,5.8,123,8832
Movie_0370,Horror,2016,35.91,,6.1,102,20663
Movie_0371,Animation,2000,146.51,100.96,5.5,94,144619
Movie_0372,Comedy,2014,12.52,36.04,4.7,77,492
Movie_0373,Animation,2022,69.87,213.86,5.8,83,8504
Movie_0374,Action,2001,211.14,128.19,5.0,70,1612
Movie_0375,Horror,2013,,,4.3,102,9653
Movie_0376,Horror,2020,95.92,506.17,6.7,93,328
Movie_0377,Action,2007,109.58,154.94,4.6,85,448
Movie_0378,Comedy,2007,34.98,,6.4,103,930
Movie_0379,Action,2018,62.47,178.21,6.3,112,3355
Movie_0380,Animation,2006,100.15,48.53,3.8,146,1139
Movie_0381,Romance,2018,22.13,29.83,4.8,74,8011
Movie_0382,Horror,2005,26.43,7.37,7.0,128,13909
Movie_0383,Sci-Fi,2005,214.98,,5.2,124,7327
Movie_0384,Sci-Fi,2002,53.32,18.53,5.2,89,33798
Movie_0385,Animation,2006,31.03,203.82,6.2,109,5562
Movie_0386,Drama,2018,4.6,6.07,6.5,95,480
Movie_0387,Thriller,2007,60.06,74.18,5.4,108,23041
Movie_0388,Action,2009,,25.41,4.9,135,1202
Movie_0389,Action,2019,14.29,22.01,7.3,117,11679
Movie_0390,Drama,2014,27.29,,7.7,115,31590
Movie_0391,Drama,2014,146.96,31.25,,96,5913
Movie_0392,Animation,2000,89.56,462.96,6.0,75,316
Movie_0393,Animation,2019,176.02,343.19,5.2,100,751
Movie_0394,Drama,2006,21.35,9.09,4.6,129,21679
Movie_0395,Horror,2003,,8.95,6.2,74,2313
Movie_0396,Animation,2005,187.74,1575.08,6.8,83,3358
Movie_0397,Romance,2000,,16.89,7.3,107,9304
Movie_0398,Animation,2004,111.47,72.97,6.7,85,8471
Movie_0399,Action,2022,103.48,,4.1,89,4528
Movie_0400,Animation,2000,52.74,137.05,7.0,96,2179
Movie_0401,Horror,2003,33.17,17.38,4.4,77,1864
Movie_0402,Drama,2021,17.39,29.66,5.1,85,10795
Movie_0403,Action,2001,43.7,28.51,6.0,119,6838
Movie_0404,Animation,2009,138.24,864.28,8.4,78,2026
Movie_0405,Horror,2004,,48.36,9.3,73,15110
Movie_0406,Romance,2009,25.57,71.8,6.3,92,2456
Movie_0407,Animation,2000,89.35,191.66,5.6,119,830
Movie_0408,Horror,2021,35.76,,6.3,101,954
Movie_0409,Romance,2005,36.55,67.38,6.7,95,686
Movie_0410,Drama,2012,19.6,9.66,5.2,105,1981
Movie_0411,Animation,2014,173.13,595.06,8.3,70,18969
Movie_0412,Romance,2003,76.02,830.28,6.1,114,891
Movie_0413,Action,2012,125.0,90.91,6.6,112,3954
Movie_0414,Drama,2023,20.17,25.54,6.4,96,1113
Movie_0415,Action,2019,28.01,68.5,6.1,125,2017
Movie_0416,Sci-Fi,2023,42.65,74.55,6.7,82,309
Movie_0417,Comedy,2014,23.5,12.95,4.9,127,2141
Movie_0418,Animation,2007,55.27,210.55,5.1,108,2229
Movie_0419,Romance,2004,21.53,203.62,4.3,98,6703
Movie_0420,Comedy,2014,31.39,,6.2,104,4166
Movie_0421,Comedy,2003,45.83,36.94,6.6,102,493
Movie_0422,Romance,2011,23.63,9.9,6.1,129,15158
Movie_0423,Drama,2012,29.52,78.03,7.6,83,4086
Movie_0424,Animation,2001,94.76,412.97,5.9,89,4014
Movie_0425,Sci-Fi,2018,20.59,55.4,6.4,125,2940
Movie_0426,Action,2018,37.73,44.91,,93,1371
Movie_0427,Horror,2003,13.37,11.0,5.1,123,4132
Movie_0428,Action,2003,30.39,20.18,6.5,138,6083
Movie_0429,Horror,2010,24.24,93.41,6.6,96,216
Movie_0430,Action,2004,,1061.7,6.2,118,1328
Movie_0431,Romance,2019,66.28,25.73,5.7,81,2033
Movie_0432,Sci-Fi,2010,84.3,389.06,4.0,120,4377
Movie_0433,Animation,2009,296.6,855.04,,108,17853
Movie_0434,Horror,2007,16.89,108.57,6.6,114,936
Movie_0435,Animation,2005,68.73,36.48,6.5,92,1412
Movie_0436,Animation,2005,55.1,27.99,6.3,71,1381
Movie_0437,Animation,2007,70.66,99.2,5.8,115,895
Movie_0438,Thriller,2022,29.32,71.27,5.6,70,1770
Movie_0439,Drama,2014,,152.25,4.8,98,9473
Movie_0440,Action,2013,,316.29,6.7,123,613
Movie_0441,Animation,2010,90.22,126.86,6.4,108,5663
Movie_0442,Action,2011,113.47,81.02,6.5,143,232
Movie_0443,Animation,2012,233.3,1125.25,5.8,125,1284
Movie_0444,Horror,2007,32.06,11.26,,91,1818
Movie_0445,Drama,2017,6.1,49.63,6.8,105,36764
Movie_0446,Drama,2000,2.59,2.72,4.9,104,1973
Movie_0447,Romance,2014,52.79,,4.7,73,109
Movie_0448,Thriller,2007,13.4,43.32,6.4,86,148
Movie_0449,Romance,2010,20.89,25.94,5.1,93,3137
Movie_0450,Romance,2011,9.8,11.5,6.8,70,7484
Movie_0451,Romance,2011,5.91,7.49,6.3,105,5235
Movie_0452,Romance,2003,38.55,100.85,6.5,100,3832
Movie_0453,Romance,2015,45.89,54.66,4.0,71,17041
Movie_0454,Sci-Fi,2003,63.05,73.17,7.2,113,1326
Movie_0455,Drama,2004,2.52,3.47,5.8,119,11411
Movie_0456,Romance,2023,16.15,24.39,5.1,109,257
Movie_0457,Animation,2004,123.13,30.71,6.2,98,767
Movie_0458,Drama,2007,6.13,8.63,3.4,116,198
Movie_0459,Drama,2009,23.16,16.03,,118,1973
Movie_0460,Comedy,2016,29.63,12.64,4.4,111,2781
Movie_0461,Sci-Fi,2008,158.95,43.17,4.5,88,3537
Movie_0462,Romance,2021,27.51,5.69,3.8,110,3270
Movie_0463,Action,2018,36.73,20.81,7.0,128,741
Movie_0464,Horror,2013,39.07,27.8,4.9,93,2240
Movie_0465,Thriller,2007,35.24,420.17,7.5,146,315
Movie_0466,Animation,2008,88.06,78.52,5.2,94,23036
Movie_0467,Action,2021,37.92,44.05,3.6,105,1890
Movie_0468,Sci-Fi,2010,70.14,122.74,,91,1431
Movie_0469,Horror,2022,7.39,16.02,7.0,109,32318
Movie_0470,Sci-Fi,2000,87.08,126.34,5.7,70,462
Movie_0471,Animation,2013,353.96,207.58,6.3,94,550
Movie_0472,Drama,2004,6.67,38.71,5.7,83,575
Movie_0473,Horror,2020,4.13,35.28,6.1,107,2692
Movie_0474,Drama,2013,64.89,27.85,7.1,124,5695
Movie_0475,Animation,2003,76.12,62.77,7.5,117,9040
Movie_0476,Action,2021,46.84,52.59,5.3,70,141208
Movie_0477,Animation,2022,206.8,112.96,4.7,145,102
Movie_0478,Action,2000,49.28,,5.2,110,7428
Movie_0479,Horror,2021,64.64,55.99,6.1,89,1292
Movie_0480,Horror,2022,25.8,221.26,4.4,108,1236
Movie_0481,Romance,2018,16.92,59.99,4.4,108,1176
Movie_0482,Sci-Fi,2007,561.73,1525.0,8.2,91,762
Movie_0483,Romance,2014,15.4,58.68,5.5,108,37301
Movie_0484,Sci-Fi,2020,181.06,843.16,6.3,92,10545
Movie_0485,Romance,2014,,24.78,4.7,96,3086
Movie_0486,Drama,2008,56.66,40.71,5.5,91,22618
Movie_0487,Horror,2020,52.31,70.95,4.6,76,308
Movie_0488,Action,2008,82.07,337.77,6.9,107,405
Movie_0489,Sci-Fi,2009,54.73,,7.0,116,113
Movie_0490,Animation,2019,130.03,32.88,3.8,115,1044
Movie_0491,Sci-Fi,2020,,35.82,4.6,121,3799
Movie_0492,Action,2008,400.51,546.36,5.3,111,3478
Movie_0493,Romance,2002,,34.58,4.8,94,3729
Movie_0494,Sci-Fi,2019,74.66,689.97,5.7,121,359
Movie_0495,Thriller,2010,46.37,,3.9,77,9944
Movie_0496,Drama,2005,6.81,13.04,4.4,86,4270
Movie_0497,Horror,2001,6.89,31.28,4.3,85,8951
Movie_0498,Action,2006,209.0,2000.0,6.6,126,174
Movie_0499,Horror,2017,8.87,9.52,5.6,123,4756
Movie_0500,Thriller,2001,17.31,34.82,4.7,114,501
Movie_0501,Sci-Fi,2016,153.62,445.99,6.3,126,1642
Movie_0502,Sci-Fi,2010,258.2,497.16,5.9,87,6644
Movie_0503,Animation,2011,159.97,233.81,5.8,111,3417
Movie_0504,Thriller,2018,88.74,283.87,7.9,102,831
Movie_0505,Action,2021,43.67,8.95,7.3,121,3009
Movie_0506,Animation,2023,28.86,59.42,4.1,102,299
Movie_0507,Drama,2006,66.47,138.36,6.8,97,16737
Movie_0508,Animation,2019,69.52,105.58,6.8,115,2190
Movie_0509,Comedy,2005,24.55,179.62,4.2,122,15959
Movie_0510,Action,2020,231.5,,7.4,91,1353
Movie_0511,Comedy,2023,46.81,67.42,7.5,103,1359
Movie_0512,Thriller,2000,57.6,416.57,4.4,83,947
Movie_0513,Romance,2016,141.3,91.15,5.0,70,11095
Movie_0514,Comedy,2010,17.93,20.4,6.8,109,1028
Movie_0515,Drama,2021,42.01,60.62,6.0,117,7839
Movie_0516,Animation,2017,94.2,360.7,6.5,110,1679
Movie_0517,Romance,2020,30.99,61.94,6.0,70,153
Movie_0518,Animation,2016,305.69,188.74,7.2,97,1267
Movie_0519,Comedy,2006,45.04,31.34,4.1,70,508
Movie_0520,Animation,2016,138.44,161.0,7.3,132,3136
Movie_0521,Thriller,2019,94.34,176.07,7.3,83,499
Movie_0522,Romance,2008,18.67,39.89,5.3,130,11955
Movie_0523,Thriller,2016,20.44,45.25,5.5,123,2600
Movie_0524,Comedy,2019,13.01,2.68,3.7,86,2283
Movie_0525,Thriller,2021,8.3,36.53,6.2,82,7973
Movie_0526,Drama,2021,103.62,235.91,6.6,112,12655
Movie_0527,Comedy,2007,12.41,64.92,5.5,88,2892
Movie_0528,Comedy,2016,25.13,71.59,6.9,107,937
Movie_0529,Comedy,2006,24.04,92.47,5.2,95,208
Movie_0530,Action,2000,102.3,281.78,6.6,70,1065
Movie_0531,Animation,2012,172.85,792.52,5.0,70,1181
Movie_0532,Action,2022,159.24,427.68,6.1,109,3500
Movie_0533,Action,2018,50.18,69.33,5.5,93,1776
Movie_0534,Drama,2023,17.5,217.08,5.8,93,8365
Movie_0535,Romance,2018,,99.33,5.2,118,1188
Movie_0536,Animation,2016,73.76,191.5,5.6,128,2736
Movie_0537,Thriller,2012,144.71,89.14,7.1,99,17605
Movie_0538,Sci-Fi,2015,148.11,71.08,5.6,98,4977
Movie_0539,Comedy,2007,54.01,,3.8,115,2724
Movie_0540,Thriller,2018,67.98,167.61,7.9,77,1208
Movie_0541,Comedy,2017,76.71,90.53,,109,1153
Movie_0542,Drama,2000,23.12,29.15,,116,832
Movie_0543,Comedy,2013,10.63,77.74,6.4,118,1324
Movie_0544,Action,2018,110.14,,5.3,70,9260
Movie_0545,Animation,2014,53.45,31.72,6.0,89,2137
Movie_0546,Sci-Fi,2017,65.51,99.58,6.1,87,393
Movie_0547,Horror,2001,23.98,16.97,,106,42287
Movie_0548,Comedy,2021,80.79,76.46,4.9,114,4817
Movie_0549,Thriller,2016,40.69,37.25,,134,361
Movie_0550,Action,2017,102.42,88.08,4.8,95,1536
Movie_0551,Horror,2005,58.55,24.62,4.7,95,3520
Movie_0552,Sci-Fi,2018,121.24,175.36,5.9,127,38441
Movie_0553,Horror,2003,120.23,102.17,5.1,110,565
Movie_0554,Action,2000,125.77,16.88,6.8,130,12888
Movie_0555,Animation,2007,22.0,282.85,7.4,110,24324
Movie_0556,Animation,2022,164.43,657.45,,81,1160
Movie_0557,Romance,2006,33.91,39.34,5.9,78,1965
Movie_0558,Animation,2002,252.55,501.83,7.1,73,629
Movie_0559,Romance,2009,42.84,25.58,6.2,118,2196
Movie_0560,Horror,2009,13.43,95.82,5.6,128,2821
Movie_0561,Drama,2018,7.51,73.09,6.4,141,8018
Movie_0562,Thriller,2013,33.84,66.54,6.2,121,15294
Movie_0563,Thriller,2001,20.26,57.27,4.1,128,970
Movie_0564,Horror,2000,9.43,19.96,6.6,93,155
Movie_0565,Comedy,2022,48.04,26.78,6.8,81,2887
Movie_0566,Comedy,2022,114.11,109.1,5.0,122,4629
Movie_0567,Animation,2017,123.41,230.62,6.0,113,4333
Movie_0568,Thriller,2006,,17.9,6.4,107,1826
Movie_0569,Thriller,2007,57.09,70.57,5.5,112,3594
Movie_0570,Romance,2000,65.12,116.15,7.0,111,28945
Movie_0571,Drama,2022,12.28,,8.4,130,5284
Movie_0572,Action,2002,71.87,100.27,4.8,130,1702
Movie_0573,Comedy,2023,,12.73,,115,1407
Movie_0574,Thriller,2022,21.35,18.31,5.9,121,2310
Movie_0575,Romance,2007,41.99,23.73,6.5,115,34721
Movie_0576,Sci-Fi,2021,90.78,335.95,5.6,95,2264
Movie_0577,Romance,2014,34.97,10.66,7.4,120,2893
Movie_0578,Comedy,2004,14.75,,4.0,77,1445
Movie_0579,Comedy,2002,21.14,129.8,6.4,126,15498
Movie_0580,Romance,2018,44.56,46.19,5.0,81,56373
Movie_0581,Action,2000,59.37,12.22,7.8,110,5860
Movie_0582,Horror,2014,59.72,96.37,8.1,88,3375
Movie_0583,Comedy,2007,21.79,26.38,4.7,116,3150
Movie_0584,Romance,2001,29.92,16.42,5.0,104,83
Movie_0585,Thriller,2002,84.35,100.13,6.9,73,9115
Movie_0586,Romance,2023,8.04,44.37,5.1,113,3645
Movie_0587,Drama,2013,4.89,13.36,5.5,93,5667
Movie_0588,Horror,2023,4.43,2.94,5.5,122,1025
Movie_0589,Sci-Fi,2013,274.58,76.94,4.3,105,1674
Movie_0590,Action,2010,51.45,59.92,5.7,112,1609
Movie_0591,Animation,2015,,1178.43,7.5,85,13800
Movie_0592,Sci-Fi,2003,63.67,141.19,5.2,93,1688
Movie_0593,Horror,2019,17.39,21.55,7.3,95,67777
Movie_0594,Horror,2004,51.51,,4.2,122,5689
Movie_0595,Horror,2021,74.66,793.11,6.8,138,439
Movie_0596,Sci-Fi,2020,520.28,2000.0,7.2,88,2458
Movie_0597,Thriller,2013,105.17,154.56,5.6,126,1121
Movie_0598,Horror,2022,34.03,52.22,6.6,70,110
Movie_0599,Romance,2015,40.16,48.58,6.1,81,32833
Movie_0600,Sci-Fi,2017,186.39,1027.19,6.9,85,8558
Movie_0601,Animation,2006,57.91,62.37,6.9,77,6632
Movie_0602,Horror,2009,7.8,11.45,5.1,73,3820
Movie_0603,Romance,2006,24.93,34.9,4.9,113,375
Movie_0604,Thriller,2000,34.91,26.49,4.3,100,1443
Movie_0605,Drama,2022,13.92,5.08,4.6,112,10537
Movie_0606,Thriller,2020,69.82,239.1,9.3,118,615
Movie_0607,Animation,2018,193.26,390.42,7.8,110,66
Movie_0608,Horror,2015,16.1,27.36,3.9,118,2120
Movie_0609,Animation,2018,293.49,253.79,5.1,103,2409
Movie_0610,Sci-Fi,2003,40.12,206.35,6.2,81,3653
Movie_0611,Comedy,2017,25.69,20.08,6.3,126,8890
Movie_0612,Horror,2001,8.45,67.16,6.2,93,7757
Movie_0613,Comedy,2000,6.74,2.01,5.2,86,4394
Movie_0614,Romance,2014,23.4,51.76,5.4,101,17913
Movie_0615,Drama,2004,18.14,45.63,6.0,86,305
Movie_0616,Action,2019,268.48,240.73,6.7,96,6354
Movie_0617,Animation,2010,149.08,206.05,3.4,111,7629
Movie_0618,Thriller,2009,17.63,81.13,5.3,111,464
Movie_0619,Drama,2001,88.15,15.91,4.8,87,312
Movie_0620,Horror,2002,39.84,101.03,5.9,95,973
Movie_0621,Comedy,2022,47.79,12.91,9.3,126,1105
Movie_0622,Thriller,2022,33.37,23.36,6.1,114,9229
Movie_0623,Comedy,2011,13.92,85.87,5.2,146,1185
Movie_0624,Sci-Fi,2019,74.25,83.43,6.9,128,825
Movie_0625,Comedy,2004,71.68,43.59,6.4,127,1191
Movie_0626,Sci-Fi,2004,451.62,811.12,7.8,77,15961
Movie_0627,Romance,2005,85.92,997.88,6.6,120,3039
Movie_0628,Thriller,2008,27.05,11.55,8.1,103,2278
Movie_0629,Thriller,2001,,7.33,4.2,93,2527
Movie_0630,Action,2020,89.54,608.56,6.4,108,20704
Movie_0631,Horror,2011,3.64,23.47,4.4,123,968
Movie_0632,Sci-Fi,2002,129.5,216.73,6.7,115,21445
Movie_0633,Action,2019,71.09,29.99,4.7,87,4087
Movie_0634,Comedy,2021,20.66,190.29,5.1,119,2343
Movie_0635,Comedy,2011,8.38,50.07,5.2,92,126924
Movie_0636,Action,2023,120.65,436.95,7.2,109,611
Movie_0637,Thriller,2016,26.12,23.17,6.7,98,1753
Movie_0638,Comedy,2009,11.77,12.54,4.1,100,469
Movie_0639,Animation,2023,9.04,12.05,5.6,120,12440
Movie_0640,Romance,2013,24.46,42.96,4.7,84,37563
Movie_0641,Romance,2022,103.2,460.82,4.4,143,36493
Movie_0642,Animation,2016,339.96,1360.37,6.6,70,18693
Movie_0643,Action,2017,55.5,30.95,5.4,93,2216
Movie_0644,Animation,2018,55.59,455.27,8.6,112,1723
Movie_0645,Sci-Fi,2016,145.5,349.87,6.6,116,243
Movie_0646,Sci-Fi,2013,44.99,92.39,,102,63184
Movie_0647,Action,2008,101.85,547.81,5.2,103,6023
Movie_0648,Animation,2007,166.11,124.04,7.4,113,1425
Movie_0649,Sci-Fi,2001,266.86,644.25,9.1,100,21852
Movie_0650,Thriller,2012,36.92,23.55,3.7,132,692
Movie_0651,Animation,2006,,18.19,3.5,121,5485
Movie_0652,Thriller,2008,19.82,58.21,7.8,122,2300
Movie_0653,Sci-Fi,2021,51.61,839.37,6.2,85,7769
Movie_0654,Romance,2021,20.86,4.97,4.5,103,2709
Movie_0655,Sci-Fi,2010,134.16,239.15,6.7,98,338
Movie_0656,Thriller,2013,83.08,108.45,2.7,84,3338
Movie_0657,Drama,2003,10.52,17.91,5.5,112,14375
Movie_0658,Horror,2012,49.51,74.85,6.1,94,2853
Movie_0659,Comedy,2001,24.15,13.82,6.7,118,9534
Movie_0660,Animation,2022,88.47,139.01,4.6,83,621
Movie_0661,Drama,2004,11.0,8.64,,139,2865
Movie_0662,Sci-Fi,2010,14.38,2.45,4.4,87,1168
Movie_0663,Romance,2005,50.71,245.38,6.0,109,9140
Movie_0664,Action,2017,144.24,469.77,5.0,120,3125
Movie_0665,Sci-Fi,2020,79.85,122.5,5.3,93,8392
Movie_0666,Romance,2009,26.38,39.29,4.4,122,15238
Movie_0667,Horror,2003,22.66,104.36,6.4,80,8412
Movie_0668,Sci-Fi,2008,28.65,64.01,6.6,134,4490
Movie_0669,Thriller,2005,26.2,86.45,5.3,105,666
Movie_0670,Action,2001,151.02,195.27,6.1,93,2968
Movie_0671,Romance,2016,,31.16,3.8,99,1339
Movie_0672,Romance,2004,31.62,61.08,5.3,121,1779
Movie_0673,Romance,2005,8.45,15.13,5.5,93,1699
Movie_0674,Horror,2011,21.78,16.67,8.7,90,685
Movie_0675,Sci-Fi,2022,97.19,157.47,4.6,100,158
Movie_0676,Horror,2020,4.12,3.89,7.3,81,1094
Movie_0677,Animation,2009,228.51,269.05,7.6,141,3984
Movie_0678,Comedy,2021,16.67,12.98,5.9,93,394
Movie_0679,Comedy,2020,15.69,12.67,7.7,121,3051
Movie_0680,Animation,2005,105.66,1251.72,6.4,109,51554
Movie_0681,Sci-Fi,2007,250.66,1590.95,7.0,85,13829
Movie_0682,Thriller,2001,17.75,151.24,5.5,104,35077
Movie_0683,Horror,2011,15.76,10.13,7.0,120,5359
Movie_0684,Action,2012,112.74,240.03,7.3,101,17175
Movie_0685,Romance,2020,43.53,18.38,4.9,128,1006
Movie_0686,Romance,2006,28.79,17.05,4.0,125,1133
Movie_0687,Sci-Fi,2009,74.56,49.8,5.6,123,48
Movie_0688,Thriller,2012,20.63,79.97,4.6,95,17662
Movie_0689,Comedy,2016,32.14,34.33,5.6,83,30046
Movie_0690,Comedy,2020,12.72,64.35,7.0,92,1300
Movie_0691,Romance,2013,2.42,5.67,5.0,108,2036
Movie_0692,Sci-Fi,2001,141.8,1863.71,6.0,115,962
Movie_0693,Horror,2021,30.91,12.77,5.7,70,5292
Movie_0694,Comedy,2010,4.53,25.27,6.5,104,16113
Movie_0695,Horror,2000,6.69,14.6,2.8,108,218
Movie_0696,Thriller,2018,65.64,37.82,5.0,99,5509
Movie_0697,Comedy,2020,155.59,674.77,6.4,130,1968
Movie_0698,Comedy,2003,30.5,,7.1,113,3533
Movie_0699,Drama,2018,11.17,12.39,5.0,131,5934
Movie_0700,Comedy,2020,25.92,11.37,3.4,100,2247
Movie_0701,Animation,2010,270.35,284.88,7.3,123,2551
Movie_0702,Action,2007,47.72,408.85,4.9,137,2162
Movie_0703,Animation,2010,47.49,55.65,4.3,131,12777
Movie_0704,Sci-Fi,2003,,189.63,5.0,83,5586
Movie_0705,Sci-Fi,2016,46.64,,5.5,99,4150
Movie_0706,Horror,2006,,10.91,4.8,98,443
Movie_0707,Animation,2007,330.15,1002.69,4.2,114,1689
Movie_0708,Animation,2002,116.54,66.95,7.0,118,11475
Movie_0709,Animation,2021,73.55,101.86,7.3,88,3154
Movie_0710,Thriller,2001,31.67,57.51,6.4,106,8016
Movie_0711,Comedy,2022,8.59,10.88,4.2,70,42182
Movie_0712,Action,2014,162.15,224.01,5.9,133,14156
Movie_0713,Horror,2023,14.09,,5.5,94,3428
Movie_0714,Animation,2021,77.9,260.78,6.5,106,1385
Movie_0715,Animation,2021,1157.82,2000.0,10.0,98,64
Movie_0716,Drama,2004,25.4,13.57,4.7,127,2315
Movie_0717,Horror,2023,8.22,,5.6,70,1828
Movie_0718,Animation,2000,63.99,324.91,,104,5353
Movie_0719,Horror,2003,37.59,170.95,7.4,102,2366
Movie_0720,Comedy,2014,32.85,16.99,6.5,95,1843
Movie_0721,Drama,2019,6.33,15.44,6.5,139,206
Movie_0722,Horror,2018,31.29,8.3,5.7,87,727
Movie_0723,Action,2002,46.88,99.16,7.4,120,6093
Movie_0724,Action,2019,358.05,2000.0,7.4,112,39099
Movie_0725,Sci-Fi,2010,237.27,150.45,5.4,130,2575
Movie_0726,Drama,2016,13.98,13.13,7.2,91,4874
Movie_0727,Drama,2012,55.73,199.83,6.6,90,12440
Movie_0728,Sci-Fi,2010,105.58,39.01,5.4,126,883
Movie_0729,Horror,2001,29.67,23.27,5.0,113,5167
Movie_0730,Drama,2008,29.47,82.76,6.0,74,981
Movie_0731,Action,2001,40.65,39.25,6.2,94,10907
Movie_0732,Action,2020,47.81,62.98,5.9,112,3740
Movie_0733,Animation,2008,205.16,737.32,6.7,121,4664
Movie_0734,Comedy,2008,22.95,70.34,,91,921
Movie_0735,Drama,2007,14.48,34.62,6.8,70,8608
Movie_0736,Horror,2016,6.99,8.14,5.8,115,67986
Movie_0737,Sci-Fi,2000,140.34,386.9,7.2,80,657
Movie_0738,Sci-Fi,2010,,,6.3,70,1790
Movie_0739,Horror,2007,6.39,15.9,6.0,70,4219
Movie_0740,Thriller,2009,40.78,,7.8,121,9697
Movie_0741,Romance,2006,77.37,100.08,5.5,107,1287
Movie_0742,Comedy,2002,28.15,14.58,4.6,100,42
Movie_0743,Sci-Fi,2002,143.61,202.35,5.3,132,22897
Movie_0744,Drama,2017,8.55,4.79,4.2,117,9327
Movie_0745,Comedy,2004,42.26,20.14,4.7,137,218
Movie_0746,Drama,2011,17.22,30.6,5.1,77,1198
Movie_0747,Thriller,2011,88.01,121.99,4.2,104,31328
Movie_0748,Action,2018,206.84,729.68,6.3,72,26152
Movie_0749,Comedy,2005,238.14,334.51,7.5,100,12184
Movie_0750,Animation,2001,143.1,282.89,,100,2288
Movie_0751,Sci-Fi,2011,129.78,459.11,7.8,117,3376
Movie_0752,Comedy,2018,35.05,89.87,6.3,105,2449
Movie_0753,Comedy,2004,22.62,20.18,6.8,117,16193
Movie_0754,Comedy,2011,39.33,60.18,4.9,119,801
Movie_0755,Romance,2016,19.74,49.71,6.6,148,890
Movie_0756,Comedy,2016,34.33,41.08,4.3,98,13567
Movie_0757,Drama,2009,57.39,16.39,6.8,86,2789
Movie_0758,Action,2022,35.76,66.41,5.8,109,23569
Movie_0759,Thriller,2016,99.56,1315.04,6.6,88,1088
Movie_0760,Horror,2014,43.02,36.44,4.3,134,2745
Movie_0761,Comedy,2011,27.3,17.66,4.5,99,747
Movie_0762,Sci-Fi,2015,18.31,,6.3,93,3014
Movie_0763,Comedy,2023,18.45,29.79,4.4,95,324
Movie_0764,Sci-Fi,2018,282.24,1630.17,7.2,119,1434
Movie_0765,Drama,2007,19.64,6.85,3.9,101,345
Movie_0766,Sci-Fi,2020,44.96,159.81,6.7,92,8441
Movie_0767,Animation,2016,60.1,119.73,4.3,138,8733
Movie_0768,Horror,2022,,44.62,6.3,87,222
Movie_0769,Action,2004,123.89,311.52,6.7,105,22044
Movie_0770,Sci-Fi,2021,82.6,286.31,5.0,118,126263
Movie_0771,Sci-Fi,2015,74.57,291.88,6.5,72,3193
Movie_0772,Action,2005,58.48,34.73,6.0,114,1139
Movie_0773,Horror,2007,7.17,20.13,4.9,83,206178
Movie_0774,Comedy,2017,109.23,133.85,4.7,121,412
Movie_0775,Sci-Fi,2011,77.27,78.31,,85,3072
Movie_0776,Action,2014,211.82,,6.8,118,3902
Movie_0777,Animation,2008,303.95,352.97,4.8,127,22420
Movie_0778,Animation,2012,,1030.5,6.4,122,5113
Movie_0779,Drama,2014,14.16,18.91,5.2,110,1410
Movie_0780,Action,2009,110.5,74.91,6.8,100,715
Movie_0781,Drama,2015,19.62,19.73,,93,1785
Movie_0782,Animation,2006,43.68,74.42,5.3,134,658
Movie_0783,Horror,2016,19.44,104.28,6.5,91,3202
Movie_0784,Comedy,2022,11.68,32.86,5.9,84,1278
Movie_0785,Action,2020,206.89,177.34,6.7,118,317
Movie_0786,Thriller,2021,27.58,438.06,6.2,89,19588
Movie_0787,Animation,2006,105.71,150.42,4.1,85,1413
Movie_0788,Animation,2013,112.89,670.62,6.9,76,444
Movie_0789,Thriller,2014,,49.61,6.4,95,2316
Movie_0790,Romance,2020,39.97,78.82,4.4,103,3302
Movie_0791,Animation,2006,,,5.5,109,217
Movie_0792,Sci-Fi,2008,200.78,1033.14,6.3,124,4902
Movie_0793,Horror,2018,5.11,19.49,5.4,115,619
Movie_0794,Action,2015,88.51,333.51,6.3,101,38814
Movie_0795,Thriller,2007,188.67,311.27,8.0,101,6541
Movie_0796,Sci-Fi,2017,44.92,51.49,7.0,115,1636
Movie_0797,Thriller,2022,23.26,34.64,4.0,130,974
Movie_0798,Action,2017,120.68,516.81,6.7,107,2546
Movie_0799,Drama,2019,23.09,37.32,7.2,95,7474
Movie_0800,Action,2006,105.9,484.84,6.4,85,2869
Movie_0801,Romance,2002,36.97,261.28,7.0,76,2152
Movie_0802,Action,2017,132.93,135.25,8.4,118,3253
Movie_0803,Action,2009,194.37,188.76,7.5,116,1204
Movie_0804,Romance,2006,34.7,,5.9,116,1781
Movie_0805,Horror,2016,,30.5,6.8,102,130
Movie_0806,Animation,2013,154.14,166.17,6.3,133,12843
Movie_0807,Action,2023,365.74,2000.0,7.0,95,4666
Movie_0808,Romance,2002,22.48,46.77,5.2,124,934
Movie_0809,Sci-Fi,2011,45.86,98.7,7.6,104,51436
Movie_0810,Drama,2012,48.49,17.24,4.7,92,3396
Movie_0811,Drama,2001,18.16,11.32,7.4,116,630
Movie_0812,Action,2002,14.07,30.65,6.2,113,10776
Movie_0813,Horror,2004,,4.69,3.9,112,5415
Movie_0814,Horror,2010,9.77,39.96,6.0,106,5387
Movie_0815,Sci-Fi,2007,93.01,74.31,3.4,104,1573
Movie_0816,Action,2022,104.34,2000.0,6.7,152,5859
Movie_0817,Drama,2022,23.29,340.0,,128,2012
Movie_0818,Horror,2011,26.46,30.23,4.9,119,6863
Movie_0819,Action,2006,56.47,82.83,5.9,107,171
Movie_0820,Thriller,2014,60.3,328.25,8.1,125,1554
Movie_0821,Horror,2023,12.19,76.65,4.9,115,39467
Movie_0822,Romance,2016,45.15,12.53,4.4,105,943
Movie_0823,Thriller,2003,65.44,27.16,7.5,98,1205
Movie_0824,Animation,2021,,53.65,8.0,103,1522
Movie_0825,Horror,2012,35.76,93.76,5.6,70,481
Movie_0826,Drama,2017,13.03,37.87,6.8,109,108
Movie_0827,Comedy,2000,57.26,302.43,7.3,95,2109
Movie_0828,Thriller,2015,53.66,24.16,4.8,136,3654
Movie_0829,Animation,2012,391.65,86.79,6.5,105,2755
Movie_0830,Sci-Fi,2009,,363.69,7.3,81,2398
Movie_0831,Sci-Fi,2011,75.62,77.16,7.8,104,3179
Movie_0832,Drama,2001,19.69,5.5,6.3,84,13825
Movie_0833,Horror,2022,11.77,16.55,4.5,114,2240
Movie_0834,Action,2002,151.71,722.79,8.5,110,1260
Movie_0835,Horror,2009,4.12,4.95,4.9,124,1955
Movie_0836,Drama,2001,8.61,8.04,5.1,89,7108
Movie_0837,Sci-Fi,2022,42.56,61.62,6.1,105,24786
Movie_0838,Horror,2012,,47.32,7.5,77,1161
Movie_0839,Sci-Fi,2012,392.94,259.85,8.1,119,3457
Movie_0840,Thriller,2017,36.79,32.65,6.1,115,4951
Movie_0841,Animation,2002,78.63,220.04,6.4,114,672
Movie_0842,Action,2006,84.61,182.95,5.9,105,3073
Movie_0843,Thriller,2013,101.33,212.97,6.6,113,330
Movie_0844,Sci-Fi,2019,47.62,14.19,2.7,137,209
Movie_0845,Sci-Fi,2016,121.01,158.94,5.6,99,5167
Movie_0846,Comedy,2020,65.45,15.34,6.1,107,1676
Movie_0847,Comedy,2011,44.79,62.12,4.3,83,4037
Movie_0848,Thriller,2015,46.55,284.63,6.1,87,2902
Movie_0849,Romance,2023,55.69,22.24,,106,689
Movie_0850,Thriller,2011,4.6,5.69,7.6,127,2785
Movie_0851,Comedy,2014,51.6,144.79,7.6,99,468
Movie_0852,Sci-Fi,2009,59.26,260.38,5.2,100,24015
Movie_0853,Drama,2006,4.62,4.53,5.3,96,389
Movie_0854,Thriller,2019,60.21,50.15,5.7,94,2222
Movie_0855,Sci-Fi,2004,300.09,86.33,6.2,110,624
Movie_0856,Drama,2000,17.92,31.37,5.8,75,7013
Movie_0857,Drama,2016,42.86,352.38,4.8,130,1813
Movie_0858,Comedy,2002,108.96,175.98,4.6,91,1369
Movie_0859,Thriller,2012,114.53,206.83,6.7,119,10719
Movie_0860,Horror,2013,55.7,132.5,6.5,79,3115
Movie_0861,Action,2023,144.85,201.55,5.1,118,6470
Movie_0862,Comedy,2017,31.87,28.23,6.7,118,684
Movie_0863,Comedy,2003,8.33,22.93,4.8,112,362
Movie_0864,Horror,2017,12.32,24.28,5.9,85,3501
Movie_0865,Action,2004,40.75,75.62,6.6,109,1847
Movie_0866,Sci-Fi,2015,567.89,501.5,7.7,81,7628
Movie_0867,Romance,2000,21.72,118.29,6.1,99,2644
Movie_0868,Thriller,2020,44.14,111.57,5.1,125,4054
Movie_0869,Romance,2013,38.86,35.19,5.4,120,261
Movie_0870,Sci-Fi,2014,103.55,,5.7,105,50648
Movie_0871,Animation,2008,349.27,368.06,6.0,85,2330
Movie_0872,Comedy,2014,18.23,13.28,5.4,117,8487
Movie_0873,Action,2016,,52.06,4.0,105,850
Movie_0874,Comedy,2023,16.56,4.6,5.0,70,4731
Movie_0875,Drama,2003,6.96,15.15,5.2,120,422
Movie_0876,Comedy,2011,18.39,5.12,5.3,104,5872
Movie_0877,Comedy,2004,,14.11,5.3,129,1747
Movie_0878,Sci-Fi,2004,70.93,17.19,5.7,83,3114
Movie_0879,Sci-Fi,2010,57.47,92.15,6.3,70,8492
Movie_0880,Sci-Fi,2005,32.46,52.04,6.7,110,469
Movie_0881,Romance,2006,23.39,23.06,4.8,110,1067
Movie_0882,Drama,2023,6.0,2.63,4.1,71,5919
Movie_0883,Animation,2013,165.32,77.67,4.9,85,69378
Movie_0884,Animation,2023,96.14,212.64,5.3,160,2423
Movie_0885,Sci-Fi,2010,31.16,27.14,5.2,98,7235
Movie_0886,Action,2012,62.47,110.12,4.8,119,2539
Movie_0887,Romance,2001,13.7,6.79,4.0,91,54905
Movie_0888,Horror,2006,19.36,31.5,5.0,70,216
Movie_0889,Action,2019,233.78,1381.08,6.7,101,3435
Movie_0890,Thriller,2003,8.92,25.97,,99,260
Movie_0891,Thriller,2007,43.86,41.63,5.0,97,69
Movie_0892,Action,2019,70.38,128.86,5.3,102,4657
Movie_0893,Sci-Fi,2021,171.1,192.04,5.1,110,3674
Movie_0894,Horror,2020,17.79,27.24,5.5,101,1944
Movie_0895,Horror,2018,8.22,7.61,4.5,79,2542
Movie_0896,Romance,2012,19.37,28.76,6.3,114,310969
Movie_0897,Horror,2013,7.93,8.94,3.4,70,2023
Movie_0898,Thriller,2009,94.6,,5.4,70,6407
Movie_0899,Drama,2010,20.34,13.32,5.9,119,1125
Movie_0900,Sci-Fi,2001,457.66,272.16,7.6,115,4641
Movie_0901,Horror,2008,14.29,8.17,8.8,103,2085
Movie_0902,Romance,2016,14.18,7.79,6.0,77,1610
Movie_0903,Thriller,2002,11.92,16.41,4.3,90,45631
Movie_0904,Drama,2023,4.73,3.14,5.4,99,17427
Movie_0905,Comedy,2005,8.45,12.54,3.4,73,3659
Movie_0906,Comedy,2004,37.15,,5.6,90,94
Movie_0907,Drama,2004,30.05,6.49,4.6,118,1734
Movie_0908,Thriller,2021,11.29,37.16,6.6,133,171878
Movie_0909,Romance,2014,51.16,147.13,5.0,96,2109
Movie_0910,Drama,2022,13.59,8.27,5.4,120,15596
Movie_0911,Sci-Fi,2016,112.46,233.97,5.2,70,25923
Movie_0912,Sci-Fi,2008,363.2,417.35,9.0,118,4139
Movie_0913,Comedy,2002,61.48,98.87,5.4,88,843
Movie_0914,Horror,2019,12.1,8.25,7.7,111,77
Movie_0915,Romance,2016,12.25,4.38,6.5,100,8318
Movie_0916,Comedy,2009,5.36,6.37,6.1,131,878
Movie_0917,Horror,2002,8.44,12.4,6.0,87,3882
Movie_0918,Horror,2017,12.67,14.66,6.0,117,457
Movie_0919,Animation,2017,40.86,12.96,3.4,99,2002
Movie_0920,Sci-Fi,2016,90.03,95.38,5.5,101,3135
Movie_0921,Thriller,2023,42.54,,6.7,101,4459
Movie_0922,Action,2002,66.83,,5.7,88,559
Movie_0923,Thriller,2002,23.78,30.1,3.9,104,17950
Movie_0924,Action,2005,91.56,79.88,5.8,103,1217
Movie_0925,Drama,2012,28.48,,7.7,109,241
Movie_0926,Sci-Fi,2023,41.8,28.55,7.2,106,2531
Movie_0927,Horror,2014,46.38,110.9,5.6,120,3138
Movie_0928,Romance,2008,23.1,123.86,6.7,123,3792
Movie_0929,Action,2003,81.22,185.27,5.4,83,22998
Movie_0930,Thriller,2013,70.49,60.33,3.7,122,2090
Movie_0931,Horror,2004,18.08,13.78,4.5,81,2491
Movie_0932,Action,2001,,965.21,8.1,116,569
Movie_0933,Action,2010,100.66,42.84,5.6,117,10207
Movie_0934,Animation,2008,55.14,34.35,5.4,70,3930
Movie_0935,Action,2023,106.83,114.28,5.6,106,1587
Movie_0936,Romance,2002,10.01,65.59,7.8,95,171
Movie_0937,Sci-Fi,2008,109.07,332.73,7.9,89,26019
Movie_0938,Romance,2002,24.34,23.12,8.3,132,472
Movie_0939,Comedy,2001,25.4,28.56,5.4,91,1227
Movie_0940,Horror,2011,13.53,12.64,5.9,88,5102
Movie_0941,Sci-Fi,2009,,12.13,3.8,106,495
Movie_0942,Animation,2008,58.02,288.75,7.5,118,317
Movie_0943,Sci-Fi,2014,107.71,39.01,4.5,102,123
Movie_0944,Sci-Fi,2007,113.64,825.6,6.2,128,8791
Movie_0945,Thriller,2004,17.58,43.3,4.3,115,1315
Movie_0946,Sci-Fi,2010,275.27,1190.06,5.9,70,240603
Movie_0947,Animation,2001,45.01,38.12,4.7,94,670
Movie_0948,Romance,2023,54.3,65.02,5.0,93,748
Movie_0949,Sci-Fi,2014,,57.67,5.4,114,1276
Movie_0950,Drama,2005,11.93,9.99,4.9,70,4292
Movie_0951,Horror,2007,62.07,179.49,6.7,155,1472
Movie_0952,Sci-Fi,2004,38.48,146.95,4.3,115,7468
Movie_0953,Horror,2015,31.29,18.7,5.9,107,686
Movie_0954,Drama,2017,44.53,62.88,7.1,128,375
Movie_0955,Drama,2005,11.7,13.83,4.9,151,200
Movie_0956,Horror,2004,45.7,17.24,4.8,122,106
Movie_0957,Action,2015,65.5,168.09,5.5,123,1370
Movie_0958,Comedy,2012,37.79,38.25,7.1,107,1897
Movie_0959,Thriller,2004,49.26,67.33,5.9,102,1156
Movie_0960,Action,2012,71.85,67.7,5.1,95,19246
Movie_0961,Action,2016,153.04,138.32,6.7,88,18808
Movie_0962,Romance,2017,47.17,56.23,4.4,91,1804
Movie_0963,Thriller,2007,,14.21,6.4,77,202
Movie_0964,Thriller,2012,113.56,,6.4,103,1274
Movie_0965,Action,2018,21.16,15.74,5.2,71,1212
Movie_0966,Sci-Fi,2002,228.42,452.5,5.4,108,1112
Movie_0967,Romance,2023,61.57,350.91,4.7,104,1046
Movie_0968,Romance,2007,10.44,20.13,6.2,107,1118
Movie_0969,Drama,2001,14.4,68.19,7.0,94,1669
Movie_0970,Animation,2007,37.16,14.27,4.9,166,1149
Movie_0971,Thriller,2012,33.68,,6.2,132,4074
Movie_0972,Action,2012,62.53,20.77,3.2,80,5118
Movie_0973,Drama,2000,37.32,13.43,4.9,109,760
Movie_0974,Horror,2005,42.79,34.05,5.6,92,20062
Movie_0975,Comedy,2023,91.63,351.45,4.8,84,685
Movie_0976,Animation,2018,57.4,170.83,4.6,78,263
Movie_0977,Animation,2015,76.13,130.25,5.0,113,5277
Movie_0978,Animation,2007,23.41,9.62,5.9,91,874
Movie_0979,Romance,2000,13.12,16.1,5.3,124,4826
Movie_0980,Horror,2015,32.46,34.45,2.9,124,81
Movie_0981,Animation,2008,327.76,449.99,4.3,132,24069
Movie_0982,Horror,2012,5.59,1.4,4.8,87,8171
Movie_0983,Sci-Fi,2010,62.25,48.35,6.3,114,313
Movie_0984,Animation,2012,88.12,58.41,,117,324
Movie_0985,Comedy,2020,37.54,84.41,5.1,95,36621
Movie_0986,Horror,2009,7.85,1.46,4.9,89,986
Movie_0987,Horror,2003,21.06,,7.3,137,852
Movie_0988,Comedy,2005,20.53,32.86,5.1,109,99
Movie_0989,Animation,2006,88.97,331.67,6.3,117,1761
Movie_0990,Comedy,2004,46.44,139.4,5.9,88,2118
Movie_0991,Horror,2010,15.08,21.02,3.0,80,8718
Movie_0992,Comedy,2012,21.16,18.42,6.5,93,365
Movie_0993,Horror,2018,13.74,3.94,5.8,102,304
Movie_0994,Horror,2022,13.98,16.62,6.2,83,5863
Movie_0995,Sci-Fi,2009,,503.44,10.0,104,13495
Movie_0996,Action,2009,65.04,204.14,3.3,71,282
Movie_0997,Horror,2010,53.89,218.53,7.8,82,15097
Movie_0998,Animation,2020,140.97,326.03,5.7,118,3153
Movie_0999,Drama,2006,15.79,36.07,5.9,117,15332
Movie_0387,Thriller,2007,60.06,74.18,5.4,108,23041
Movie_0090,Animation,2013,106.33,787.59,6.9,71,127
Movie_0424,Animation,2001,94.76,412.97,5.9,89,4014
Movie_0914,Horror,2019,12.1,8.25,7.7,111,77
Movie_0698,Comedy,2003,30.5,,7.1,113,3533
Movie_0652,Thriller,2008,19.82,58.21,7.8,122,2300
Movie_0316,Drama,2019,11.67,3.63,5.0,142,4612
Movie_0479,Horror,2021,64.64,55.99,6.1,89,1292
Movie_0304,Comedy,2005,31.2,16.29,4.5,107,106145
Movie_0204,Horror,2018,36.4,21.88,4.2,103,5433
